{
  "definition": {
    "$schema": "https://schema.management.azure.com/providers/Microsoft.Logic/schemas/2016-06-01/workflowdefinition.json#",
    "actions": {
      "Condition_Category": {
        "actions": {
          "HTTP_Post_to_Shortcut": {
            "inputs": {
              "body": {
                "title": "@triggerBody()?['title']",
                "notes": "@triggerBody()?['body']?['content']",
                "dueDate": "@triggerBody()?['dueDateTime']?['dateTime']",
                "id": "@triggerBody()?['id']"
              },
              "headers": {
                "Content-Type": "application/json"
              },
              "method": "POST",
              "uri": "https://api.shortcut.run/bridge?name=AppleCalendarSync"
            },
            "runAfter": {},
            "type": "Http"
          }
        },
        "expression": {
          "and": [
            {
              "equals": [
                "@triggerBody()?['categories'][0]",
                "Personal"
              ]
            }
          ]
        },
        "runAfter": {},
        "type": "If"
      }
    },
    "triggers": {
      "When_a_task_is_created": {
        "inputs": {
          "host": {
            "apiId": "/providers/Microsoft.PowerApps/apis/shared_todo",
            "connectionName": "shared_todo",
            "operationId": "OnTaskAdded"
          }
        },
        "recurrence": {
          "frequency": "Minute",
          "interval": 1
        },
        "splitOn": "@triggerBody()?['value']",
        "type": "ApiConnection"
      }
    },
    "description": "Sync new Personal tasks from Microsoft To Do to Apple Calendar via Shortcut webhook."
  },
  "kind": "Stateful",
  "metadata": {
    "workflowEntityId": "/providers/Microsoft.Flow/flows/ToDoToAppleCalendar"
  },
  "name": "ToDoToAppleCalendar",
  "type": "Microsoft.Logic/workflows"
}
